<?xml version="1.0" encoding="UTF-8"?>
<repomd xmlns="http://linux.duke.edu/metadata/repo" xmlns:rpm="http://linux.duke.edu/metadata/rpm">
 <revision>1440580692</revision>
<data type="filelists">
  <checksum type="sha256">086e626b25cafe4d9b62c2c661a1e60356065934f7ffe2e9cae56b8704e21cb7</checksum>
  <open-checksum type="sha256">46fb4e07d2122dac35bc6b6b6c772d3b59551b1758038178ac927c98aab55234</open-checksum>
  <location href="repodata/086e626b25cafe4d9b62c2c661a1e60356065934f7ffe2e9cae56b8704e21cb7-filelists.xml.gz"/>
  <timestamp>1440580697</timestamp>
  <size>587787</size>
  <open-size>8047164</open-size>
</data>
<data type="primary">
  <checksum type="sha256">4dadc83adb3d706b8c4812eb204366e7400d3d0e6c4fdfd286f96047d83e3495</checksum>
  <open-checksum type="sha256">c0fb89691e43b78b7667841a017308a27d9f8367814779d649e118465f344870</open-checksum>
  <location href="repodata/4dadc83adb3d706b8c4812eb204366e7400d3d0e6c4fdfd286f96047d83e3495-primary.xml.gz"/>
  <timestamp>1440580697</timestamp>
  <size>510995</size>
  <open-size>3620949</open-size>
</data>
<data type="primary_db">
  <checksum type="sha256">3bf320adc2afeffc7e6ec8aea63b554b68509c69a736f9a6762b585ba779e5b9</checksum>
  <open-checksum type="sha256">45b9e5368a636c4a07243407580f2648f78e388e102fc0a36c3478afd227624a</open-checksum>
  <location href="repodata/3bf320adc2afeffc7e6ec8aea63b554b68509c69a736f9a6762b585ba779e5b9-primary.sqlite.bz2"/>
  <timestamp>1440580699</timestamp>
  <database_version>10</database_version>
  <size>1025530</size>
  <open-size>4213760</open-size>
</data>
<data type="other_db">
  <checksum type="sha256">f8955fb0205131a88f010ab8a84c70f3f68350d5352050e5d112e04f0fa3ab7c</checksum>
  <open-checksum type="sha256">2f18aaaef7819cb8346a49e8733fdf420d495a97d556f36eab4ac5c7ff29e615</open-checksum>
  <location href="repodata/f8955fb0205131a88f010ab8a84c70f3f68350d5352050e5d112e04f0fa3ab7c-other.sqlite.bz2"/>
  <timestamp>1440580697</timestamp>
  <database_version>10</database_version>
  <size>383125</size>
  <open-size>1887232</open-size>
</data>
<data type="other">
  <checksum type="sha256">8e8bd59d45be8427f570f0658a3c06be674e85bd9ef7e3c1505b21a510f86f2a</checksum>
  <open-checksum type="sha256">cc5f10160cf6dc8ff47e3d9e4c54e87095aa7355be13723ba38311c7488ebeb7</open-checksum>
  <location href="repodata/8e8bd59d45be8427f570f0658a3c06be674e85bd9ef7e3c1505b21a510f86f2a-other.xml.gz"/>
  <timestamp>1440580697</timestamp>
  <size>316960</size>
  <open-size>1993720</open-size>
</data>
<data type="filelists_db">
  <checksum type="sha256">c4701567035fb6a06f64c562247510b7693f954caa173e87fd42879f0bd6d4f3</checksum>
  <open-checksum type="sha256">5f4e2e0750aaeeb25cddd35a2472270bf56b10488a3b179e164cd9d26d05faba</open-checksum>
  <location href="repodata/c4701567035fb6a06f64c562247510b7693f954caa173e87fd42879f0bd6d4f3-filelists.sqlite.bz2"/>
  <timestamp>1440580698</timestamp>
  <database_version>10</database_version>
  <size>755562</size>
  <open-size>3912704</open-size>
</data>
</repomd>
