<?xml version="1.0" encoding="UTF-8"?>
<repomd xmlns="http://linux.duke.edu/metadata/repo" xmlns:rpm="http://linux.duke.edu/metadata/rpm">
 <revision>1438311820</revision>
<data type="group">
  <checksum type="sha256">4ead4af46e8aa4be62153725ca781b1d159fc5b3a5f98770913ca17b8ab3f707</checksum>
  <location href="repodata/4ead4af46e8aa4be62153725ca781b1d159fc5b3a5f98770913ca17b8ab3f707-comps.xml"/>
  <timestamp>1438311827</timestamp>
  <size>783545</size>
</data>
<data type="filelists">
  <checksum type="sha256">d5b98ee9f1ecb8935dbc306912283eacd163ee54c0e13b32ccac8f00026b038e</checksum>
  <open-checksum type="sha256">7af8dc5a9975411767d216192bbc0832985e9abf6512b3f47b3ec1930edf1b10</open-checksum>
  <location href="repodata/d5b98ee9f1ecb8935dbc306912283eacd163ee54c0e13b32ccac8f00026b038e-filelists.xml.gz"/>
  <timestamp>1438311825</timestamp>
  <size>647263</size>
  <open-size>8876383</open-size>
</data>
<data type="group_gz">
  <checksum type="sha256">b17b5e72db36d20456fe4b9511fd22ec9ada7df2dfa767c470f9d49ea71a1f05</checksum>
  <open-checksum type="sha256">4ead4af46e8aa4be62153725ca781b1d159fc5b3a5f98770913ca17b8ab3f707</open-checksum>
  <location href="repodata/b17b5e72db36d20456fe4b9511fd22ec9ada7df2dfa767c470f9d49ea71a1f05-comps.xml.gz"/>
  <timestamp>1438311827</timestamp>
  <size>163474</size>
</data>
<data type="primary">
  <checksum type="sha256">a8935bdd344ffad61941b91ac38c78a016d3584640294d1bfd390cfd2d5c6414</checksum>
  <open-checksum type="sha256">a79882d8f0a61171a0dbbf0b29c7e66e2cf2d31d128058d5ac164094f159f378</open-checksum>
  <location href="repodata/a8935bdd344ffad61941b91ac38c78a016d3584640294d1bfd390cfd2d5c6414-primary.xml.gz"/>
  <timestamp>1438311825</timestamp>
  <size>712676</size>
  <open-size>5170979</open-size>
</data>
<data type="primary_db">
  <checksum type="sha256">a0c98aaef5721645ecdacaab0c79924c31174100aa230755bc212fe8cbeb4b4d</checksum>
  <open-checksum type="sha256">09125bb281d8231882f4404dbad803251fac4f46b0ae7bd2777e439972e1f594</open-checksum>
  <location href="repodata/a0c98aaef5721645ecdacaab0c79924c31174100aa230755bc212fe8cbeb4b4d-primary.sqlite.bz2"/>
  <timestamp>1438311827</timestamp>
  <database_version>10</database_version>
  <size>1378758</size>
  <open-size>5995520</open-size>
</data>
<data type="other_db">
  <checksum type="sha256">8c054d7546690371555b8ffe32f525b6285a47a4eea19c5aa18548d9441c3777</checksum>
  <open-checksum type="sha256">6049f93784562dc21c5cbf575002d47b973690315efc258222465ed1db0a8938</open-checksum>
  <location href="repodata/8c054d7546690371555b8ffe32f525b6285a47a4eea19c5aa18548d9441c3777-other.sqlite.bz2"/>
  <timestamp>1438311825</timestamp>
  <database_version>10</database_version>
  <size>428434</size>
  <open-size>2138112</open-size>
</data>
<data type="other">
  <checksum type="sha256">bccf3b016cbac69bad1ed3edbcaa39e30f0eb1cb6427a11239aad3894043b914</checksum>
  <open-checksum type="sha256">ea4c48d43d3d3df3daf157e64976df46aa12da77e74ec38aed44e2603ae5e754</open-checksum>
  <location href="repodata/bccf3b016cbac69bad1ed3edbcaa39e30f0eb1cb6427a11239aad3894043b914-other.xml.gz"/>
  <timestamp>1438311825</timestamp>
  <size>344322</size>
  <open-size>2237652</open-size>
</data>
<data type="filelists_db">
  <checksum type="sha256">398fb0f11e9d2df7f8461f4551fab48d2bcc7acdf6051670d43392cd5c76b26f</checksum>
  <open-checksum type="sha256">7a69ebd50f3482323c80e1cc117214c2c04a757dc975718cabb174fa39408f3b</open-checksum>
  <location href="repodata/398fb0f11e9d2df7f8461f4551fab48d2bcc7acdf6051670d43392cd5c76b26f-filelists.sqlite.bz2"/>
  <timestamp>1438311826</timestamp>
  <database_version>10</database_version>
  <size>825261</size>
  <open-size>4316160</open-size>
</data>
</repomd>
